Job Function,Easy Apply,Overall Rating,Compensation & Benefit,Culture & Value,Career Opportunitie,Work/Life Balanc,Founded,Job Age in Hours,Estimated Salary
Bi Analyst,0.6666666666666666,3.644444444444444,3.5999999999999996,3.7333333333333334,3.333333333333334,3.788888888888889,1985.857142857143,301.3333333333333,73000.0
Data Analyst,0.45652173913043476,3.8565217391304345,3.5195652173913037,3.8695652173913038,3.5434782608695663,3.8347826086956522,1972.923076923077,287.4782608695652,71771.73913043478
Data Scientist,0.2641509433962264,3.866037735849057,3.569811320754716,3.8037735849056613,3.6094339622641507,3.699999999999999,1969.7173913043478,319.6981132075472,100226.41509433962
Data Engineer,0.4125,4.006250000000001,3.7687500000000016,3.9900000000000007,3.857499999999998,3.8012499999999987,1977.7096774193549,311.1,95212.5
Machine Learning Engineer,0.16666666666666666,4.266666666666667,3.9249999999999994,4.125000000000001,4.066666666666667,4.041666666666666,1982.090909090909,252.0,106291.66666666667
