Location,Easy Apply,Overall Rating,Compensation & Benefit,Culture & Value,Career Opportunitie,Work/Life Balanc,Founded,Job Age in Hours,Estimated Salary
London,0.4,3.8,3.7800000000000002,3.6399999999999997,3.5599999999999996,3.6599999999999993,1944.3333333333333,283.2,67600.0
Waterloo,0.2857142857142857,3.9285714285714284,3.657142857142857,3.8999999999999995,3.6285714285714286,3.8285714285714287,1941.4285714285713,384.0,74857.14285714286
Mississauga,0.26666666666666666,3.893333333333333,3.4733333333333336,3.9066666666666663,3.56,3.6199999999999997,1974.5,257.6,81366.66666666667
Brampton,0.38461538461538464,3.8846153846153846,3.430769230769231,3.7384615384615385,3.6692307692307695,3.661538461538461,1977.0,282.46153846153845,84000.0
Ottawa,0.35714285714285715,3.9285714285714284,3.6285714285714286,3.992857142857143,3.8000000000000003,3.8714285714285714,1991.076923076923,408.0,92464.28571428571
Midtown Toronto,0.4,3.9721428571428583,3.7157142857142853,3.943571428571427,3.759285714285713,3.827142857142857,1975.8067226890757,293.8285714285714,92967.85714285714
Toronto,0.25,4.125,3.9749999999999996,4.1000000000000005,4.0,3.9625,1936.875,375.0,95375.0
Markham,0.2857142857142857,3.6142857142857143,3.685714285714286,3.6,3.114285714285714,3.957142857142857,1884.8,342.85714285714283,111285.71428571429
