Location,Easy Apply,Overall Rating,Compensation & Benefit,Culture & Value,Career Opportunitie,Work/Life Balanc,Founded,Job Age in Hours,Estimated Salary
Waterloo,0.0,3.8600000000000003,3.6399999999999997,3.8199999999999994,3.6,3.84,1963.6,288.0,76600.0
Mississauga,0.25,3.86875,3.46875,3.89375,3.55,3.58125,1975.4666666666667,270.0,81812.5
Brampton,0.4,3.8733333333333335,3.44,3.746666666666667,3.666666666666667,3.673333333333333,1979.0,316.8,85233.33333333333
Midtown Toronto,0.4125874125874126,3.9664335664335675,3.707692307692308,3.938461538461538,3.7545454545454544,3.8160839160839157,1977.2131147540983,294.8811188811189,91741.25874125875
Ottawa,0.35714285714285715,3.9285714285714284,3.6285714285714286,3.992857142857143,3.8000000000000003,3.8714285714285714,1991.076923076923,408.0,92464.28571428571
Markham,0.2857142857142857,3.6142857142857143,3.685714285714286,3.6,3.114285714285714,3.957142857142857,1884.8,342.85714285714283,111285.71428571429
