Location,Easy Apply,Overall Rating,Compensation & Benefit,Culture & Value,Career Opportunitie,Work/Life Balanc,Founded,Job Age in Hours,Estimated Salary
Waterloo,0.0,3.8600000000000003,3.6399999999999997,3.8199999999999994,3.6,3.84,1963.6,288.0,76600.0
Mississauga,0.26666666666666666,3.893333333333333,3.4733333333333336,3.9066666666666663,3.56,3.6199999999999997,1974.5,257.6,81366.66666666667
Brampton,0.38461538461538464,3.8846153846153846,3.430769230769231,3.7384615384615385,3.6692307692307695,3.661538461538461,1977.0,282.46153846153845,84000.0
Midtown Toronto,0.417910447761194,3.967910447761195,3.7059701492537314,3.9388059701492533,3.755970149253731,3.82462686567164,1977.132743362832,296.05970149253733,92134.32835820895
Ottawa,0.35714285714285715,3.9285714285714284,3.6285714285714286,3.992857142857143,3.8000000000000003,3.8714285714285714,1991.076923076923,408.0,92464.28571428571
Markham,0.2857142857142857,3.6142857142857143,3.685714285714286,3.6,3.114285714285714,3.957142857142857,1884.8,342.85714285714283,111285.71428571429
